{
  "model1": {
    "x": 4.4,
    "y": 0,
    "z": -46.20000000000001
  },
  "model2": {
    "x": -2.913225216616411e-13,
    "y": 0,
    "z": 110.00000000000009
  }
}